{
 "Franklin": {
  "City": "Franklin",
  "State": "ID",
  "High": 64,
  "Low": 41,
  "Temp": 55,
  "Precip": 0,
  "Wind": "5",
  "Direction": "SW",
  "Summary": "Rain",
  "Longitude": 111.79,
  "Latitude": 42.07,
  "Elevation": 4968,
  "zip": 83237,
  "Hourly": {
   "0": 41,
   "1": 41,
   "2": 41,
   "3": 41,
   "4": 41,
   "5": 41,
   "6": 42,
   "7": 44,
   "8": 44,
   "9": 46,
   "10": 49,
   "11": 51,
   "12": 55,
   "13": 58,
   "14": 62,
   "15": 64,
   "16": 64,
   "17": 62,
   "18": 61,
   "19": 60,
   "20": 59,
   "21": 58,
   "22": 52,
   "23": 48
  }
 },
 "Greenville": {
  "City": "Greenville",
  "State": "SC",
  "High": 72,
  "Low": 51,
  "Temp": 65,
  "Precip": 45,
  "Wind": "8",
  "Direction": "SW",
  "Summary": "Thunderstorms",
  "Longitude": -82.4,
  "Latitude": 34.85,
  "Elevation": 966,
  "zip": 29601,
  "Hourly": {
   "0": 55,
   "1": 55,
   "2": 56,
   "3": 57,
   "4": 57,
   "5": 57,
   "6": 59,
   "7": 59,
   "8": 59,
   "9": 60,
   "10": 61,
   "11": 63,
   "12": 64,
   "13": 64,
   "14": 66,
   "15": 69,
   "16": 71,
   "17": 72,
   "18": 71,
   "19": 61,
   "20": 57,
   "21": 55,
   "22": 52,
   "23": 51
  }
 }
}
